job_title,role,city,skills
BA - Analytics,Business Analyst,Delhi NCR,"Python, SQL, Azure, GCP, Linux, Kubernetes"
Lead Data Scientist,Data Scientist,Chennai,"Python, SQL, TensorFlow, Pandas, Excel"
ML Engineer,ML Engineer,Mumbai,"Python, SQL, Tableau, Excel, DBT, Azure, Git"
Business Analyst,Business Analyst,Chennai,"Python, SQL, Hadoop, Data Warehousing"
Software Engineer (Backend),Backend Developer,Pune,"Python, SQL, Power BI, Docker, NLP, TensorFlow"
ML Engineer,ML Engineer,Delhi NCR,"Python, SQL, DBT, Docker, Deep Learning, Machine Learning, Pandas"
AI Engineer,ML Engineer,Mumbai,"Python, SQL, Airflow, NLP"
Backend Developer,Backend Developer,Bengaluru,"Python, SQL, Git, AWS, Kubernetes, Scikit-learn"
AI Engineer,ML Engineer,Chennai,"Python, SQL, Azure, Docker, ETL, AWS, Deep Learning"
Senior Data Analyst,Data Analyst,Bengaluru,"Python, SQL, Airflow, AWS, Data Warehousing, Deep Learning"
Backend Developer,Backend Developer,Bengaluru,"Python, SQL, Airflow, Machine Learning, Deep Learning, Git, Power BI"
Business Analyst,Business Analyst,Bengaluru,"Python, SQL, Kubernetes, ETL, Power BI, Scikit-learn, Snowflake"
Data Scientist,Data Scientist,Mumbai,"Python, SQL, NoSQL, Linux, GCP, REST APIs"
Business Analyst,Business Analyst,Delhi NCR,"Python, SQL, Numpy, ETL, Tableau, Kubernetes, Linux"
Software Engineer (Backend),Backend Developer,Chennai,"Python, SQL, DBT, Hadoop, Machine Learning, Statistics"
Backend Developer,Backend Developer,Mumbai,"Python, SQL, Numpy, Pandas, Power BI, Hadoop"
Software Engineer (Backend),Backend Developer,Chennai,"Python, SQL, Azure, AWS, Statistics, Snowflake, NLP"
Senior Data Analyst,Data Analyst,Hyderabad,"Python, SQL, Snowflake, NLP, NoSQL, Data Warehousing, Linux"
Junior Data Analyst,Data Analyst,Pune,"Python, SQL, Power BI, DBT, TensorFlow, Scikit-learn"
BA - Analytics,Business Analyst,Mumbai,"Python, SQL, Excel, NoSQL, Pandas, Power BI, NLP"
Data Analyst,Data Analyst,Hyderabad,"Python, SQL, TensorFlow, Azure, Git, Snowflake, Hadoop"
MLOps Engineer,ML Engineer,Delhi NCR,"Python, SQL, Azure, Docker, Hadoop, Machine Learning"
Python Backend Engineer,Backend Developer,Delhi NCR,"Python, SQL, Pandas, Docker"
Senior Business Analyst,Business Analyst,Delhi NCR,"Python, SQL, NoSQL, Scikit-learn, ETL, Snowflake, PyTorch"
ML Engineer,ML Engineer,Delhi NCR,"Python, SQL, ETL, Machine Learning, Pandas, Scikit-learn"
Software Engineer (Backend),Backend Developer,Delhi NCR,"Python, SQL, Deep Learning, Kubernetes, GCP"
Senior Business Analyst,Business Analyst,Delhi NCR,"Python, SQL, Numpy, Spark, Data Warehousing"
BA - Analytics,Business Analyst,Mumbai,"Python, SQL, Azure, Data Warehousing, Excel"
ML Engineer,ML Engineer,Pune,"Python, SQL, Spark, Machine Learning, Pandas, Snowflake, Tableau"
Associate Data Scientist,Data Scientist,Chennai,"Python, SQL, Kubernetes, Numpy, Git, Machine Learning, Deep Learning"
Senior Data Analyst,Data Analyst,Bengaluru,"Python, SQL, Git, Statistics, AWS"
MLOps Engineer,ML Engineer,Delhi NCR,"Python, SQL, NoSQL, Spark"
Data Analyst,Data Analyst,Mumbai,"Python, SQL, DBT, Hadoop, Numpy, NoSQL"
Lead Data Scientist,Data Scientist,Delhi NCR,"Python, SQL, Machine Learning, Linux, GCP"
Junior Data Analyst,Data Analyst,Mumbai,"Python, SQL, ETL, Azure, Kubernetes, GCP, Hadoop"
Associate Data Scientist,Data Scientist,Mumbai,"Python, SQL, Power BI, PyTorch, Kubernetes, Snowflake, Numpy"
Senior Business Analyst,Business Analyst,Mumbai,"Python, SQL, Statistics, Airflow, REST APIs"
MLOps Engineer,ML Engineer,Mumbai,"Python, SQL, Statistics, NoSQL, Tableau, Scikit-learn, Docker"
Senior Data Analyst,Data Analyst,Mumbai,"Python, SQL, Spark, GCP"
ML Engineer,ML Engineer,Chennai,"Python, SQL, Tableau, Numpy, Azure"
Business Analyst,Business Analyst,Delhi NCR,"Python, SQL, Scikit-learn, Linux, Deep Learning, Numpy"
MLOps Engineer,ML Engineer,Hyderabad,"Python, SQL, GCP, Scikit-learn, Spark, Machine Learning"
Python Backend Engineer,Backend Developer,Mumbai,"Python, SQL, Numpy, PyTorch, AWS, ETL"
Junior Data Analyst,Data Analyst,Hyderabad,"Python, SQL, TensorFlow, Excel, Deep Learning, Git, Machine Learning"
Python Backend Engineer,Backend Developer,Hyderabad,"Python, SQL, Azure, Pandas"
Backend Developer,Backend Developer,Hyderabad,"Python, SQL, Scikit-learn, Spark"
BA - Analytics,Business Analyst,Chennai,"Python, SQL, GCP, NLP, AWS, Machine Learning"
Lead Data Scientist,Data Scientist,Chennai,"Python, SQL, Spark, Data Warehousing"
Lead Data Scientist,Data Scientist,Bengaluru,"Python, SQL, Deep Learning, Airflow, Scikit-learn"
ML Engineer,ML Engineer,Chennai,"Python, SQL, AWS, Kubernetes, ETL"
Lead Data Scientist,Data Scientist,Pune,"Python, SQL, Airflow, NoSQL, Numpy, Git"
Junior Data Analyst,Data Analyst,Bengaluru,"Python, SQL, Scikit-learn, Excel, GCP, Azure, Docker"
Associate Data Scientist,Data Scientist,Bengaluru,"Python, SQL, Kubernetes, Statistics, AWS"
Associate Data Scientist,Data Scientist,Pune,"Python, SQL, Data Warehousing, REST APIs, Excel, GCP, Statistics"
Junior Data Analyst,Data Analyst,Hyderabad,"Python, SQL, Docker, Scikit-learn, AWS, Kubernetes, Statistics"
Backend Developer,Backend Developer,Hyderabad,"Python, SQL, NLP, Linux, Git, Tableau"
Data Scientist,Data Scientist,Bengaluru,"Python, SQL, Numpy, AWS, Tableau, TensorFlow"
BA - Analytics,Business Analyst,Delhi NCR,"Python, SQL, ETL, NoSQL"
Business Analyst,Business Analyst,Chennai,"Python, SQL, Scikit-learn, Airflow"
ML Engineer,ML Engineer,Delhi NCR,"Python, SQL, Data Warehousing, Airflow, Snowflake, Kubernetes, Excel"
Lead Data Scientist,Data Scientist,Mumbai,"Python, SQL, GCP, Tableau, Deep Learning, Statistics"
Data Analyst,Data Analyst,Delhi NCR,"Python, SQL, Deep Learning, GCP"
BA - Analytics,Business Analyst,Mumbai,"Python, SQL, REST APIs, Docker, Excel, Pandas"
Software Engineer (Backend),Backend Developer,Pune,"Python, SQL, ETL, AWS, Power BI"
MLOps Engineer,ML Engineer,Bengaluru,"Python, SQL, Kubernetes, TensorFlow"
Software Engineer (Backend),Backend Developer,Delhi NCR,"Python, SQL, Spark, Scikit-learn"
Data Scientist,Data Scientist,Delhi NCR,"Python, SQL, Docker, Statistics, Hadoop, Power BI, Scikit-learn"
Data Analyst,Data Analyst,Delhi NCR,"Python, SQL, REST APIs, Azure"
Business Analyst,Business Analyst,Mumbai,"Python, SQL, REST APIs, Hadoop, Tableau, Machine Learning, TensorFlow"
Junior Data Analyst,Data Analyst,Mumbai,"Python, SQL, Docker, Pandas"
Associate Data Scientist,Data Scientist,Hyderabad,"Python, SQL, Linux, GCP"
Data Scientist,Data Scientist,Hyderabad,"Python, SQL, Numpy, REST APIs"
Python Backend Engineer,Backend Developer,Chennai,"Python, SQL, Snowflake, Numpy"
MLOps Engineer,ML Engineer,Chennai,"Python, SQL, REST APIs, Numpy, Tableau, GCP"
Associate Data Scientist,Data Scientist,Bengaluru,"Python, SQL, REST APIs, Linux, NLP"
AI Engineer,ML Engineer,Chennai,"Python, SQL, PyTorch, REST APIs, Azure, GCP, ETL"
Business Analyst,Business Analyst,Pune,"Python, SQL, Azure, TensorFlow, Hadoop, Git, DBT"
Data Scientist,Data Scientist,Mumbai,"Python, SQL, TensorFlow, Numpy, Power BI, Data Warehousing, Excel"
Senior Business Analyst,Business Analyst,Mumbai,"Python, SQL, TensorFlow, DBT, Scikit-learn"
Data Scientist,Data Scientist,Chennai,"Python, SQL, AWS, Numpy, Airflow, REST APIs"
Data Scientist,Data Scientist,Pune,"Python, SQL, DBT, PyTorch, Statistics, Airflow"
BA - Analytics,Business Analyst,Bengaluru,"Python, SQL, Machine Learning, Snowflake, NoSQL, GCP, Airflow"
ML Engineer,ML Engineer,Chennai,"Python, SQL, Excel, GCP, PyTorch, Power BI, Numpy"
MLOps Engineer,ML Engineer,Delhi NCR,"Python, SQL, PyTorch, GCP, Numpy"
BA - Analytics,Business Analyst,Hyderabad,"Python, SQL, AWS, Kubernetes"
Senior Data Analyst,Data Analyst,Bengaluru,"Python, SQL, Statistics, Kubernetes, REST APIs, GCP, Numpy"
AI Engineer,ML Engineer,Chennai,"Python, SQL, Hadoop, Data Warehousing, PyTorch, Spark"
Associate Data Scientist,Data Scientist,Hyderabad,"Python, SQL, Deep Learning, Kubernetes, Tableau, DBT, Airflow"
Senior Data Analyst,Data Analyst,Delhi NCR,"Python, SQL, Tableau, Excel, GCP"
Python Backend Engineer,Backend Developer,Chennai,"Python, SQL, Docker, Power BI, NLP"
Lead Data Scientist,Data Scientist,Hyderabad,"Python, SQL, Kubernetes, TensorFlow"
Software Engineer (Backend),Backend Developer,Chennai,"Python, SQL, Docker, Power BI, TensorFlow, Airflow, NoSQL"
Data Scientist,Data Scientist,Chennai,"Python, SQL, Numpy, Snowflake, Deep Learning, Pandas, Tableau"
MLOps Engineer,ML Engineer,Bengaluru,"Python, SQL, Airflow, DBT"
Backend Developer,Backend Developer,Mumbai,"Python, SQL, Numpy, Azure, Pandas, TensorFlow"
Business Analyst,Business Analyst,Chennai,"Python, SQL, Deep Learning, NoSQL, Excel, TensorFlow"
Business Analyst,Business Analyst,Hyderabad,"Python, SQL, NoSQL, Snowflake, Excel, Machine Learning"
ML Engineer,ML Engineer,Bengaluru,"Python, SQL, Tableau, Snowflake, Deep Learning, Spark, Pandas"
Software Engineer (Backend),Backend Developer,Hyderabad,"Python, SQL, Snowflake, Numpy, Airflow, AWS, Docker"
Software Engineer (Backend),Backend Developer,Mumbai,"Python, SQL, AWS, Spark, ETL, REST APIs"
Python Backend Engineer,Backend Developer,Delhi NCR,"Python, SQL, Git, Numpy"
Senior Business Analyst,Business Analyst,Mumbai,"Python, SQL, Airflow, Pandas, Kubernetes"
Backend Developer,Backend Developer,Pune,"Python, SQL, AWS, Statistics, Data Warehousing, GCP, Excel"
Lead Data Scientist,Data Scientist,Bengaluru,"Python, SQL, Scikit-learn, DBT, ETL, Statistics"
MLOps Engineer,ML Engineer,Chennai,"Python, SQL, Git, Kubernetes"
Senior Business Analyst,Business Analyst,Delhi NCR,"Python, SQL, REST APIs, Power BI, Snowflake, Excel"
Junior Data Analyst,Data Analyst,Bengaluru,"Python, SQL, GCP, Scikit-learn, Hadoop"
Junior Data Analyst,Data Analyst,Delhi NCR,"Python, SQL, DBT, Statistics"
Senior Business Analyst,Business Analyst,Chennai,"Python, SQL, Machine Learning, AWS, Airflow, GCP, Azure"
Backend Developer,Backend Developer,Chennai,"Python, SQL, Power BI, PyTorch"
Software Engineer (Backend),Backend Developer,Pune,"Python, SQL, Power BI, Hadoop, Machine Learning, NLP"
Senior Business Analyst,Business Analyst,Hyderabad,"Python, SQL, Spark, REST APIs, Linux"
Senior Data Analyst,Data Analyst,Bengaluru,"Python, SQL, Machine Learning, Git, NoSQL, REST APIs, Spark"
Senior Business Analyst,Business Analyst,Delhi NCR,"Python, SQL, Deep Learning, Git, Docker, Azure"
BA - Analytics,Business Analyst,Delhi NCR,"Python, SQL, Numpy, Snowflake, Spark, Statistics, Data Warehousing"
Business Analyst,Business Analyst,Bengaluru,"Python, SQL, Numpy, Pandas, Excel"
Python Backend Engineer,Backend Developer,Delhi NCR,"Python, SQL, Azure, PyTorch, Airflow, Excel"
BA - Analytics,Business Analyst,Delhi NCR,"Python, SQL, Snowflake, GCP, Airflow, Linux"
BA - Analytics,Business Analyst,Mumbai,"Python, SQL, GCP, Airflow, Git, Kubernetes"
Data Scientist,Data Scientist,Chennai,"Python, SQL, Power BI, NoSQL, PyTorch, Scikit-learn"
ML Engineer,ML Engineer,Pune,"Python, SQL, Deep Learning, NLP"
ML Engineer,ML Engineer,Bengaluru,"Python, SQL, AWS, PyTorch"
Associate Data Scientist,Data Scientist,Delhi NCR,"Python, SQL, Machine Learning, Deep Learning, Excel, Azure"
Backend Developer,Backend Developer,Bengaluru,"Python, SQL, PyTorch, Airflow"
Lead Data Scientist,Data Scientist,Chennai,"Python, SQL, Spark, Scikit-learn, Git, Tableau"
ML Engineer,ML Engineer,Pune,"Python, SQL, Data Warehousing, DBT, ETL, TensorFlow"
Backend Developer,Backend Developer,Pune,"Python, SQL, REST APIs, AWS"
Backend Developer,Backend Developer,Hyderabad,"Python, SQL, Deep Learning, Azure"
Junior Data Analyst,Data Analyst,Chennai,"Python, SQL, Git, Statistics, Numpy, GCP, Kubernetes"
Data Analyst,Data Analyst,Chennai,"Python, SQL, Linux, Spark, Tableau, Kubernetes, Airflow"
Senior Business Analyst,Business Analyst,Bengaluru,"Python, SQL, Airflow, AWS, Power BI, Scikit-learn, ETL"
BA - Analytics,Business Analyst,Delhi NCR,"Python, SQL, DBT, REST APIs, GCP, NLP, Spark"
BA - Analytics,Business Analyst,Chennai,"Python, SQL, Statistics, Airflow, Scikit-learn, PyTorch"
Software Engineer (Backend),Backend Developer,Mumbai,"Python, SQL, DBT, GCP, REST APIs"
Senior Data Analyst,Data Analyst,Chennai,"Python, SQL, Numpy, GCP"
AI Engineer,ML Engineer,Bengaluru,"Python, SQL, Docker, ETL, Excel, AWS, GCP"
ML Engineer,ML Engineer,Chennai,"Python, SQL, Pandas, PyTorch"
Associate Data Scientist,Data Scientist,Chennai,"Python, SQL, Statistics, GCP, Azure"
Python Backend Engineer,Backend Developer,Chennai,"Python, SQL, Power BI, PyTorch, Git, ETL"
Business Analyst,Business Analyst,Hyderabad,"Python, SQL, Excel, TensorFlow, Snowflake, Hadoop, AWS"
Senior Business Analyst,Business Analyst,Chennai,"Python, SQL, Docker, Power BI, DBT, PyTorch"
Data Scientist,Data Scientist,Pune,"Python, SQL, Kubernetes, REST APIs, PyTorch, Airflow"
Backend Developer,Backend Developer,Mumbai,"Python, SQL, Deep Learning, Snowflake"
MLOps Engineer,ML Engineer,Mumbai,"Python, SQL, Kubernetes, ETL"
ML Engineer,ML Engineer,Bengaluru,"Python, SQL, Linux, Docker, Power BI, Machine Learning, Hadoop"
MLOps Engineer,ML Engineer,Bengaluru,"Python, SQL, NoSQL, PyTorch, TensorFlow"
Backend Developer,Backend Developer,Hyderabad,"Python, SQL, DBT, Excel, Machine Learning"
AI Engineer,ML Engineer,Delhi NCR,"Python, SQL, Deep Learning, Pandas, Docker"
BA - Analytics,Business Analyst,Bengaluru,"Python, SQL, NLP, TensorFlow, Hadoop"
Data Analyst,Data Analyst,Hyderabad,"Python, SQL, Linux, NLP, Spark, NoSQL"
AI Engineer,ML Engineer,Hyderabad,"Python, SQL, Deep Learning, Numpy"
Data Analyst,Data Analyst,Delhi NCR,"Python, SQL, GCP, NoSQL, DBT, AWS"
Software Engineer (Backend),Backend Developer,Pune,"Python, SQL, Docker, Data Warehousing, REST APIs, Numpy, Pandas"
BA - Analytics,Business Analyst,Chennai,"Python, SQL, Azure, DBT, Git, Power BI, PyTorch"
Senior Data Analyst,Data Analyst,Chennai,"Python, SQL, Hadoop, Machine Learning, TensorFlow, NoSQL, Kubernetes"
AI Engineer,ML Engineer,Hyderabad,"Python, SQL, Deep Learning, Airflow, DBT"
Associate Data Scientist,Data Scientist,Bengaluru,"Python, SQL, NLP, Machine Learning, TensorFlow"
Junior Data Analyst,Data Analyst,Mumbai,"Python, SQL, Machine Learning, Pandas, Scikit-learn, ETL"
Senior Data Analyst,Data Analyst,Hyderabad,"Python, SQL, Excel, TensorFlow, Git, Deep Learning, Statistics"
AI Engineer,ML Engineer,Chennai,"Python, SQL, Snowflake, PyTorch, NLP"
BA - Analytics,Business Analyst,Bengaluru,"Python, SQL, Excel, NoSQL, Snowflake, Statistics, Power BI"
Lead Data Scientist,Data Scientist,Chennai,"Python, SQL, Airflow, Pandas, Numpy, Data Warehousing"
Business Analyst,Business Analyst,Hyderabad,"Python, SQL, Machine Learning, REST APIs, ETL, Docker, GCP"
Python Backend Engineer,Backend Developer,Mumbai,"Python, SQL, Hadoop, Machine Learning, Linux, Excel, Power BI"
AI Engineer,ML Engineer,Hyderabad,"Python, SQL, AWS, Excel, Spark, NLP"
Data Scientist,Data Scientist,Chennai,"Python, SQL, Git, Pandas"
Data Scientist,Data Scientist,Chennai,"Python, SQL, Statistics, DBT, AWS, REST APIs, Numpy"
Associate Data Scientist,Data Scientist,Mumbai,"Python, SQL, Power BI, Linux, Git, NLP, DBT"
Business Analyst,Business Analyst,Bengaluru,"Python, SQL, NoSQL, Excel, Snowflake, ETL, REST APIs"
Business Analyst,Business Analyst,Bengaluru,"Python, SQL, DBT, Airflow"
Data Scientist,Data Scientist,Bengaluru,"Python, SQL, Snowflake, NoSQL"
Data Analyst,Data Analyst,Pune,"Python, SQL, TensorFlow, AWS, Power BI, Excel, Azure"
Business Analyst,Business Analyst,Pune,"Python, SQL, Kubernetes, Linux, Docker"
Business Analyst,Business Analyst,Delhi NCR,"Python, SQL, NLP, Data Warehousing, Deep Learning, GCP"
Junior Data Analyst,Data Analyst,Chennai,"Python, SQL, NoSQL, NLP"
Business Analyst,Business Analyst,Mumbai,"Python, SQL, Statistics, Git"
Data Analyst,Data Analyst,Bengaluru,"Python, SQL, GCP, Statistics"
MLOps Engineer,ML Engineer,Mumbai,"Python, SQL, Azure, Kubernetes, NLP"
Senior Business Analyst,Business Analyst,Hyderabad,"Python, SQL, Docker, Statistics, Linux, NLP, Excel"
Data Analyst,Data Analyst,Delhi NCR,"Python, SQL, Statistics, Docker, Pandas, Linux"
Data Scientist,Data Scientist,Hyderabad,"Python, SQL, Numpy, Kubernetes, Linux, Excel, Scikit-learn"
ML Engineer,ML Engineer,Delhi NCR,"Python, SQL, AWS, Docker, Snowflake"
Lead Data Scientist,Data Scientist,Delhi NCR,"Python, SQL, Machine Learning, Statistics, Power BI"
Software Engineer (Backend),Backend Developer,Bengaluru,"Python, SQL, Machine Learning, Numpy"
Data Scientist,Data Scientist,Chennai,"Python, SQL, ETL, Pandas, NLP"
ML Engineer,ML Engineer,Hyderabad,"Python, SQL, Data Warehousing, TensorFlow, DBT, Numpy"
BA - Analytics,Business Analyst,Pune,"Python, SQL, Azure, Linux, Excel"
Data Scientist,Data Scientist,Chennai,"Python, SQL, Kubernetes, REST APIs, Power BI, AWS, Git"
Senior Data Analyst,Data Analyst,Chennai,"Python, SQL, NLP, Data Warehousing, Linux"
AI Engineer,ML Engineer,Pune,"Python, SQL, Numpy, Hadoop"
Lead Data Scientist,Data Scientist,Hyderabad,"Python, SQL, NLP, Scikit-learn, Snowflake, Tableau"
Associate Data Scientist,Data Scientist,Delhi NCR,"Python, SQL, Excel, PyTorch"
Business Analyst,Business Analyst,Chennai,"Python, SQL, Tableau, Snowflake, Excel, Spark"
Senior Business Analyst,Business Analyst,Pune,"Python, SQL, PyTorch, DBT, Hadoop"
Junior Data Analyst,Data Analyst,Pune,"Python, SQL, REST APIs, Azure, Deep Learning, Numpy"
Business Analyst,Business Analyst,Bengaluru,"Python, SQL, Tableau, Git, Kubernetes"
Data Scientist,Data Scientist,Bengaluru,"Python, SQL, Snowflake, Tableau, TensorFlow, Scikit-learn, Numpy"
Data Scientist,Data Scientist,Chennai,"Python, SQL, Power BI, Azure, ETL, Numpy, Scikit-learn"
Python Backend Engineer,Backend Developer,Mumbai,"Python, SQL, Airflow, NoSQL, DBT, Scikit-learn, Machine Learning"
Python Backend Engineer,Backend Developer,Mumbai,"Python, SQL, REST APIs, Numpy"
Junior Data Analyst,Data Analyst,Hyderabad,"Python, SQL, Linux, DBT, REST APIs, Power BI, Scikit-learn"
Senior Business Analyst,Business Analyst,Hyderabad,"Python, SQL, Snowflake, Deep Learning, Excel, NoSQL, Machine Learning"
BA - Analytics,Business Analyst,Bengaluru,"Python, SQL, Kubernetes, Docker, Power BI, Linux, Data Warehousing"
AI Engineer,ML Engineer,Bengaluru,"Python, SQL, Deep Learning, REST APIs, Scikit-learn"
Senior Business Analyst,Business Analyst,Hyderabad,"Python, SQL, Tableau, Data Warehousing, ETL, Azure, AWS"
MLOps Engineer,ML Engineer,Mumbai,"Python, SQL, Spark, Docker, REST APIs, PyTorch, Scikit-learn"
MLOps Engineer,ML Engineer,Hyderabad,"Python, SQL, Hadoop, GCP, TensorFlow, Git, Tableau"
Python Backend Engineer,Backend Developer,Chennai,"Python, SQL, Pandas, Spark"
Lead Data Scientist,Data Scientist,Chennai,"Python, SQL, Machine Learning, Excel, DBT"
Python Backend Engineer,Backend Developer,Pune,"Python, SQL, Data Warehousing, Power BI, Excel, Airflow"
Backend Developer,Backend Developer,Delhi NCR,"Python, SQL, Linux, Tableau, Data Warehousing, NoSQL"
AI Engineer,ML Engineer,Mumbai,"Python, SQL, NoSQL, PyTorch"
Senior Business Analyst,Business Analyst,Mumbai,"Python, SQL, NoSQL, Pandas, AWS, Data Warehousing"
AI Engineer,ML Engineer,Hyderabad,"Python, SQL, Linux, DBT, Azure, Numpy, Kubernetes"
Backend Developer,Backend Developer,Hyderabad,"Python, SQL, GCP, Machine Learning"
Senior Business Analyst,Business Analyst,Pune,"Python, SQL, Statistics, Machine Learning, TensorFlow, Airflow"
AI Engineer,ML Engineer,Delhi NCR,"Python, SQL, Linux, Hadoop"
Senior Data Analyst,Data Analyst,Hyderabad,"Python, SQL, Tableau, Linux, Airflow"
BA - Analytics,Business Analyst,Bengaluru,"Python, SQL, Statistics, Git, Docker, Excel"
Backend Developer,Backend Developer,Chennai,"Python, SQL, Linux, TensorFlow, Tableau, NLP, PyTorch"
AI Engineer,ML Engineer,Hyderabad,"Python, SQL, REST APIs, Power BI, Pandas"
AI Engineer,ML Engineer,Hyderabad,"Python, SQL, Excel, GCP, REST APIs"
ML Engineer,ML Engineer,Bengaluru,"Python, SQL, Data Warehousing, Docker"
Junior Data Analyst,Data Analyst,Pune,"Python, SQL, Spark, Numpy, PyTorch, Excel, Deep Learning"
Backend Developer,Backend Developer,Mumbai,"Python, SQL, TensorFlow, Data Warehousing"
Senior Data Analyst,Data Analyst,Hyderabad,"Python, SQL, Spark, AWS, Excel"
ML Engineer,ML Engineer,Mumbai,"Python, SQL, Azure, Tableau, ETL"
Python Backend Engineer,Backend Developer,Pune,"Python, SQL, Linux, Spark"
Senior Data Analyst,Data Analyst,Pune,"Python, SQL, Data Warehousing, PyTorch, Spark, Power BI, Airflow"
Associate Data Scientist,Data Scientist,Hyderabad,"Python, SQL, DBT, Data Warehousing, Numpy"
Associate Data Scientist,Data Scientist,Chennai,"Python, SQL, Kubernetes, Git, NLP, Numpy, GCP"
Junior Data Analyst,Data Analyst,Chennai,"Python, SQL, Pandas, Snowflake, Tableau"
Python Backend Engineer,Backend Developer,Hyderabad,"Python, SQL, Deep Learning, Data Warehousing, Docker, GCP"
Data Analyst,Data Analyst,Bengaluru,"Python, SQL, TensorFlow, NoSQL, Pandas, Airflow"
Data Analyst,Data Analyst,Delhi NCR,"Python, SQL, Tableau, NLP, Azure, Airflow, Spark"
Junior Data Analyst,Data Analyst,Mumbai,"Python, SQL, Docker, Git"
Software Engineer (Backend),Backend Developer,Pune,"Python, SQL, AWS, Kubernetes"
Lead Data Scientist,Data Scientist,Delhi NCR,"Python, SQL, Hadoop, Linux, Git, Deep Learning, Airflow"
Data Scientist,Data Scientist,Chennai,"Python, SQL, Deep Learning, PyTorch"
Software Engineer (Backend),Backend Developer,Chennai,"Python, SQL, Power BI, NoSQL, Machine Learning"
Junior Data Analyst,Data Analyst,Hyderabad,"Python, SQL, Machine Learning, Spark, Deep Learning, DBT, Azure"
Data Scientist,Data Scientist,Delhi NCR,"Python, SQL, GCP, Airflow, Statistics"
Business Analyst,Business Analyst,Chennai,"Python, SQL, Deep Learning, Machine Learning, Linux"
ML Engineer,ML Engineer,Hyderabad,"Python, SQL, TensorFlow, Pandas, Hadoop, Tableau, Deep Learning"
Data Analyst,Data Analyst,Delhi NCR,"Python, SQL, Airflow, NLP, Hadoop"
Data Scientist,Data Scientist,Delhi NCR,"Python, SQL, DBT, Docker, Numpy, Azure"
Business Analyst,Business Analyst,Hyderabad,"Python, SQL, Excel, AWS"
Senior Business Analyst,Business Analyst,Delhi NCR,"Python, SQL, Tableau, NLP"
Junior Data Analyst,Data Analyst,Chennai,"Python, SQL, Docker, Data Warehousing, REST APIs"
AI Engineer,ML Engineer,Bengaluru,"Python, SQL, AWS, Excel, NLP"
Junior Data Analyst,Data Analyst,Hyderabad,"Python, SQL, Hadoop, NoSQL, Git"
BA - Analytics,Business Analyst,Bengaluru,"Python, SQL, Data Warehousing, Kubernetes"
BA - Analytics,Business Analyst,Bengaluru,"Python, SQL, NLP, Linux"
Python Backend Engineer,Backend Developer,Chennai,"Python, SQL, Hadoop, AWS, Machine Learning"
Backend Developer,Backend Developer,Hyderabad,"Python, SQL, Hadoop, NoSQL, Docker"
Senior Business Analyst,Business Analyst,Chennai,"Python, SQL, TensorFlow, Power BI, Hadoop"
Python Backend Engineer,Backend Developer,Mumbai,"Python, SQL, Pandas, Hadoop"
Senior Business Analyst,Business Analyst,Delhi NCR,"Python, SQL, GCP, NLP"
ML Engineer,ML Engineer,Pune,"Python, SQL, Snowflake, Pandas, Deep Learning, Tableau, Numpy"
AI Engineer,ML Engineer,Bengaluru,"Python, SQL, REST APIs, Airflow"
Data Scientist,Data Scientist,Hyderabad,"Python, SQL, Pandas, TensorFlow, Deep Learning, Excel, Linux"
MLOps Engineer,ML Engineer,Pune,"Python, SQL, Azure, Data Warehousing, ETL"
AI Engineer,ML Engineer,Pune,"Python, SQL, DBT, Numpy, Docker, NoSQL, Statistics"
BA - Analytics,Business Analyst,Pune,"Python, SQL, Machine Learning, Power BI, Linux"
AI Engineer,ML Engineer,Mumbai,"Python, SQL, AWS, GCP"
MLOps Engineer,ML Engineer,Mumbai,"Python, SQL, Scikit-learn, Git, PyTorch"
Data Analyst,Data Analyst,Mumbai,"Python, SQL, Git, Pandas, REST APIs, Machine Learning"
Python Backend Engineer,Backend Developer,Hyderabad,"Python, SQL, Kubernetes, PyTorch, Pandas, Deep Learning"
BA - Analytics,Business Analyst,Pune,"Python, SQL, GCP, Git, Statistics, TensorFlow"
Business Analyst,Business Analyst,Hyderabad,"Python, SQL, Machine Learning, Data Warehousing, Pandas"
Software Engineer (Backend),Backend Developer,Pune,"Python, SQL, Tableau, Excel, Power BI, Git"
Backend Developer,Backend Developer,Bengaluru,"Python, SQL, Data Warehousing, Hadoop"
Software Engineer (Backend),Backend Developer,Pune,"Python, SQL, Pandas, Hadoop"
Senior Data Analyst,Data Analyst,Hyderabad,"Python, SQL, PyTorch, ETL, NLP, REST APIs, Statistics"
Lead Data Scientist,Data Scientist,Hyderabad,"Python, SQL, REST APIs, TensorFlow, ETL, Airflow"
Associate Data Scientist,Data Scientist,Pune,"Python, SQL, Tableau, Excel"
Senior Data Analyst,Data Analyst,Chennai,"Python, SQL, NLP, Pandas, Git, Linux"
Business Analyst,Business Analyst,Pune,"Python, SQL, Tableau, Kubernetes"
Senior Data Analyst,Data Analyst,Chennai,"Python, SQL, Docker, Linux, REST APIs, NoSQL, ETL"
Software Engineer (Backend),Backend Developer,Bengaluru,"Python, SQL, Azure, Hadoop, Deep Learning, Scikit-learn, TensorFlow"
Software Engineer (Backend),Backend Developer,Hyderabad,"Python, SQL, Pandas, Azure, GCP, Airflow, Docker"
Senior Business Analyst,Business Analyst,Mumbai,"Python, SQL, NLP, Machine Learning"
AI Engineer,ML Engineer,Delhi NCR,"Python, SQL, Machine Learning, Git"
Data Analyst,Data Analyst,Bengaluru,"Python, SQL, Data Warehousing, ETL, Machine Learning"
Lead Data Scientist,Data Scientist,Delhi NCR,"Python, SQL, Hadoop, Deep Learning, Docker, GCP"
Junior Data Analyst,Data Analyst,Mumbai,"Python, SQL, Git, Docker"
ML Engineer,ML Engineer,Hyderabad,"Python, SQL, Hadoop, Docker, Deep Learning, Azure"
Backend Developer,Backend Developer,Bengaluru,"Python, SQL, Spark, GCP, NLP, Airflow"
Software Engineer (Backend),Backend Developer,Mumbai,"Python, SQL, Pandas, Scikit-learn"
Backend Developer,Backend Developer,Mumbai,"Python, SQL, NLP, Excel, Airflow, Tableau, Machine Learning"
BA - Analytics,Business Analyst,Bengaluru,"Python, SQL, Git, AWS"
Software Engineer (Backend),Backend Developer,Chennai,"Python, SQL, ETL, Docker, Scikit-learn, Azure"
Python Backend Engineer,Backend Developer,Pune,"Python, SQL, Git, Spark, ETL, REST APIs, Deep Learning"
BA - Analytics,Business Analyst,Mumbai,"Python, SQL, Numpy, Kubernetes"
Senior Business Analyst,Business Analyst,Hyderabad,"Python, SQL, GCP, DBT, Spark"
Senior Business Analyst,Business Analyst,Chennai,"Python, SQL, NoSQL, Snowflake, Excel"
Lead Data Scientist,Data Scientist,Pune,"Python, SQL, DBT, TensorFlow, REST APIs, Statistics"
ML Engineer,ML Engineer,Chennai,"Python, SQL, Numpy, Tableau, DBT"
BA - Analytics,Business Analyst,Chennai,"Python, SQL, Airflow, Numpy, GCP, Statistics"
BA - Analytics,Business Analyst,Mumbai,"Python, SQL, Excel, Azure, Numpy, Snowflake, Power BI"
